Workbook

Sheet ticket
A1: ticket_id | B1: created_at | C1: closed_at | D1: outlet_id | E1: cms_id | F1: same day | G1: same hour
A2: t1 | B2: 44427.417 | C2: 44427.625 | D2: o1 | E2: vew-iuvd-12 | F2: =IF(INT(B2)=INT(C2),"Yes","No") -> Yes | G2: =IF(TEXT(B2,"yyyy-mm-dd hh")=TEXT(C2,"yyyy-mm-dd hh"),"Yes","No") -> No
A3: t2 | B3: 44427.458 | C3: 44428.5 | D3: o2 | E3: vew-iuvd-13 | F3: =IF(INT(B3)=INT(C3),"Yes","No") -> No | G3: =IF(TEXT(B3,"yyyy-mm-dd hh")=TEXT(C3,"yyyy-mm-dd hh"),"Yes","No") -> No
A4: t3 | B4: 44428.375 | C4: 44428.396 | D4: o3 | E4: vew-iuvd-14 | F4: =IF(INT(B4)=INT(C4),"Yes","No") -> Yes | G4: =IF(TEXT(B4,"yyyy-mm-dd hh")=TEXT(C4,"yyyy-mm-dd hh"),"Yes","No") -> Yes
A5: t4 | B5: 44428.583 | C5: 44428.667 | D5: o4 | E5: vew-iuvd-15 | F5: =IF(INT(B5)=INT(C5),"Yes","No") -> Yes | G5: =IF(TEXT(B5,"yyyy-mm-dd hh")=TEXT(C5,"yyyy-mm-dd hh"),"Yes","No") -> No
A6: t5 | B6: 44429.417 | C6: 44429.448 | D6: o5 | E6: vew-iuvd-16 | F6: =IF(INT(B6)=INT(C6),"Yes","No") -> Yes | G6: =IF(TEXT(B6,"yyyy-mm-dd hh")=TEXT(C6,"yyyy-mm-dd hh"),"Yes","No") -> Yes
A7: t6 | B7: 44428.292 | C7: 44428.333 | D7: o6 | E7: vew-iuvd-17 | F7: =IF(INT(B7)=INT(C7),"Yes","No") -> Yes | G7: =IF(TEXT(B7,"yyyy-mm-dd hh")=TEXT(C7,"yyyy-mm-dd hh"),"Yes","No") -> No
A8: t7 | B8: 44428.042 | C8: 44428.073 | D8: o7 | E8: vew-iuvd-18 | F8: =IF(INT(B8)=INT(C8),"Yes","No") -> Yes | G8: =IF(TEXT(B8,"yyyy-mm-dd hh")=TEXT(C8,"yyyy-mm-dd hh"),"Yes","No") -> Yes
A9: t8 | B9: 44429.333 | C9: 44429.396 | D9: o8 | E9: vew-iuvd-19 | F9: =IF(INT(B9)=INT(C9),"Yes","No") -> Yes | G9: =IF(TEXT(B9,"yyyy-mm-dd hh")=TEXT(C9,"yyyy-mm-dd hh"),"Yes","No") -> No

Sheet feedback
A1: cms_id | B1: feedback_at | C1: feedback_rating | D1: ticket_created_at
A2: vew-iuvd-12 | B2: 44427.667 | C2: 4 | D2: {=XLOOKUP(A2, ticket!E:E, ticket!B:B)} -> 44427.417
A3: vew-iuvd-13 | B3: 44428.542 | C3: 3 | D3: {=XLOOKUP(A3, ticket!E:E, ticket!B:B)} -> 44427.458
A4: vew-iuvd-14 | B4: 44428.417 | C4: 5 | D4: {=XLOOKUP(A4, ticket!E:E, ticket!B:B)} -> 44428.375
A5: vew-iuvd-15 | B5: 44428.708 | C5: 2 | D5: {=XLOOKUP(A5, ticket!E:E, ticket!B:B)} -> 44428.583
A6: vew-iuvd-16 | B6: 44429.458 | C6: 4 | D6: {=XLOOKUP(A6, ticket!E:E, ticket!B:B)} -> 44429.417
A7: vew-iuvd-17 | B7: 44428.333 | C7: 5 | D7: {=XLOOKUP(A7, ticket!E:E, ticket!B:B)} -> 44428.292
A8: vew-iuvd-18 | B8: 44428.083 | C8: 3 | D8: {=XLOOKUP(A8, ticket!E:E, ticket!B:B)} -> 44428.042
A9: vew-iuvd-19 | B9: 44429.417 | C9: 1 | D9: {=XLOOKUP(A9, ticket!E:E, ticket!B:B)} -> 44429.333
